ID	Name	Sex	Smokes	Height	Weight	Birth	State	Grade	Died	Score	Date.Entered.Study	Age	Overweight
AC/AH/001	Michael	Male	Non-Smoker	182.87	76.57	1972-02-06	Georgia	2	FALSE	0.01	2015-12-01	44	FALSE
AC/AH/017	Derek	Male	Non-Smoker	179.12	80.43	1972-06-15	Colorado	2	FALSE	-1.31	2015-12-01	43	TRUE
AC/AH/020	Todd	Male	Non-Smoker	169.15	75.48	1972-07-09	New Jersey	2	FALSE	-0.17	2015-12-01	43	TRUE
AC/AH/022	Ronald	Male	Non-Smoker	175.66	94.54	1972-08-17	Colorado	1	FALSE	-1.1	2015-12-01	43	TRUE
AC/AH/029	Christine	Female	Non-Smoker	164.47	71.78	1973-06-12	Georgia	2	TRUE	1.42	2015-12-01	42	TRUE
AC/AH/033	Dana	Female	Smoker	158.27	69.9	1973-07-01	Indiana	2	FALSE	0.29	2015-12-01	42	TRUE
AC/AH/037	Erin	Female	Non-Smoker	161.69	68.85	1972-03-26	New York	1	FALSE	0.16	2015-12-01	44	TRUE
AC/AH/044	Rachel	Female	Non-Smoker	165.84	70.44	1973-05-11	Colorado	1	FALSE	-0.07	2015-12-01	42	TRUE
AC/AH/045	Ronald	Male	Non-Smoker	181.32	76.9	1971-12-31	Georgia	1	FALSE	-1.43	2015-12-01	44	FALSE
AC/AH/048	Bryan	Male	Non-Smoker	167.37	79.06	1973-07-19	New Jersey	2	FALSE	0.54	2015-12-31	42	TRUE
AC/AH/049	Kimberly	Female	Non-Smoker	160.06	72.37	1972-05-04	Georgia	2	TRUE	-2.41	2015-12-31	44	TRUE
AC/AH/050	Pamela	Female	Non-Smoker	166.48	67.34	1971-11-14	New Jersey	1	FALSE	1.05	2015-12-31	44	FALSE
AC/AH/052	Kenneth	Male	Smoker	175.39	92.22	1972-03-22	Colorado	3	FALSE	-0.04	2015-12-31	44	TRUE
AC/AH/053	Stacy	Female	Smoker	164.7	75.69	1971-11-22	Colorado	1	FALSE	-0.65	2015-12-31	44	TRUE
AC/AH/057	Elizabeth	Female	Smoker	163.79	65.76	1972-01-12	New Jersey	3	FALSE	0.06	2015-12-31	44	FALSE
AC/AH/061	Marc	Male	Non-Smoker	181.13	72.33	1972-11-22	New York	NA	TRUE	-0.15	2015-12-31	43	FALSE
AC/AH/063	Brandon	Male	Non-Smoker	169.24	73.3	1971-11-22	New Jersey	3	FALSE	0.68	2015-12-31	44	TRUE
AC/AH/076	Travis	Male	Non-Smoker	176.22	97.67	1973-04-14	New Jersey	2	FALSE	-1.97	2015-12-31	43	TRUE
AC/AH/077	Andrew	Male	Non-Smoker	174.09	72.2	1973-02-07	California	3	FALSE	-1.18	2015-12-31	43	FALSE
AC/AH/086	Jeffrey	Male	Smoker	180.11	75.72	1973-05-18	New York	3	FALSE	0.4	2015-12-31	42	FALSE
AC/AH/089	Jimmy	Male	Non-Smoker	179.24	75.54	1972-03-17	New Jersey	2	TRUE	-0.47	2015-12-31	44	FALSE
AC/AH/100	Tara	Female	Non-Smoker	161.92	69.92	1973-01-02	Indiana	1	FALSE	0.5	2015-12-31	43	TRUE
AC/AH/104	Thomas	Male	Smoker	169.85	90.63	1972-04-18	New York	1	TRUE	-0.2	2015-12-31	44	TRUE
AC/AH/112	Paula	Female	Non-Smoker	160.57	63.54	1973-07-02	New York	NA	TRUE	0.69	2016-01-31	42	FALSE
AC/AH/113	Sandra	Female	Non-Smoker	168.24	69.57	1972-02-13	California	2	FALSE	0.38	2016-01-31	44	FALSE
AC/AH/114	Mark	Male	Non-Smoker	177.75	74.84	1972-11-25	Indiana	3	FALSE	0.15	2016-01-31	43	FALSE
AC/AH/115	Steven	Male	Smoker	183.21	83.36	1973-10-05	New York	2	FALSE	0.05	2016-01-31	42	FALSE
AC/AH/127	George	Male	Non-Smoker	167.75	82.06	1972-11-04	New York	1	TRUE	0.63	2016-01-31	43	TRUE
AC/AH/133	Steven	Male	Non-Smoker	181.15	83.93	1973-10-19	New York	3	TRUE	-0.81	2016-03-02	42	TRUE
AC/AH/150	Brandon	Male	Smoker	181.56	79.54	1972-05-09	Georgia	1	TRUE	0.92	2016-03-02	44	FALSE
AC/AH/154	Julie	Female	Non-Smoker	160.03	64.3	1973-09-05	New Jersey	1	TRUE	-0.1	2016-03-02	42	TRUE
AC/AH/156	Aaron	Male	Non-Smoker	165.62	76.72	1972-07-15	Georgia	1	TRUE	0.61	2016-03-02	43	TRUE
AC/AH/159	Jeffery	Male	Non-Smoker	181.64	96.91	1972-12-10	Colorado	2	FALSE	-0.39	2016-03-02	43	TRUE
AC/AH/160	Kristen	Female	Non-Smoker	159.67	71.88	1973-09-28	New York	2	TRUE	0.74	2016-03-02	42	TRUE
AC/AH/164	Brett	Male	Smoker	177.03	74.04	1972-02-24	Indiana	2	FALSE	0.15	2016-03-02	44	FALSE
AC/AH/171	Teresa	Female	Non-Smoker	163.35	70.46	1973-04-22	Indiana	3	TRUE	1.68	2016-03-31	43	TRUE
AC/AH/176	Brent	Male	Non-Smoker	175.21	83.65	1973-05-07	New York	3	TRUE	0.41	2016-03-31	43	TRUE
AC/AH/180	Tiffany	Female	Non-Smoker	160.8	64.77	1973-02-24	New York	1	TRUE	-2.17	2016-03-31	43	TRUE
AC/AH/185	Joel	Male	Non-Smoker	166.46	76.83	1972-08-23	New Jersey	NA	TRUE	-1.32	2016-03-31	43	TRUE
AC/AH/186	Michelle	Female	Non-Smoker	157.95	67.41	1972-05-12	Georgia	3	TRUE	-1.89	2016-03-31	43	TRUE
AC/AH/192	Aaron	Male	Non-Smoker	180.61	83.59	1972-03-30	California	3	TRUE	-0.6	2016-03-31	44	TRUE
AC/AH/198	Brandy	Female	Non-Smoker	159.52	67.99	1972-12-08	New York	2	FALSE	-0.4	2016-03-31	43	TRUE
AC/AH/207	Kristina	Female	Non-Smoker	163.01	65.19	1973-05-23	Georgia	2	FALSE	1.07	2016-03-31	42	FALSE
AC/AH/208	Catherine	Female	Non-Smoker	165.8	71.77	1973-08-13	California	1	FALSE	-1.21	2016-03-31	42	TRUE
AC/AH/210	Alicia	Female	Smoker	170.03	66.68	1972-09-03	New Jersey	NA	FALSE	-0.66	2016-03-31	43	FALSE
AC/AH/211	Sherry	Female	Non-Smoker	157.16	69.64	1973-07-20	California	2	TRUE	-0.7	2016-05-01	42	TRUE
AC/AH/213	Tanya	Female	Smoker	164.58	72.99	1972-01-31	New York	1	FALSE	-0.32	2016-05-01	44	TRUE
AC/AH/219	Nancy	Female	Non-Smoker	163.47	72.89	1972-04-13	Indiana	1	TRUE	0.33	2016-05-01	44	TRUE
AC/AH/220	Charles	Male	Non-Smoker	185.43	87.23	1973-07-19	New York	1	FALSE	1.29	2016-05-01	42	TRUE
AC/AH/221	Linda	Female	Non-Smoker	165.34	70.84	1972-02-07	Georgia	NA	TRUE	1.69	2016-05-01	44	TRUE
AC/AH/225	Nicole	Female	Non-Smoker	163.45	67.67	1972-10-27	Indiana	2	FALSE	-0.74	2016-05-01	43	TRUE
AC/AH/233	Wendy	Female	Non-Smoker	163.97	66.71	1971-12-29	New York	3	TRUE	-1.07	2016-05-01	44	FALSE
AC/AH/241	April	Female	Non-Smoker	161.38	73.55	1972-02-14	Indiana	3	FALSE	-0.82	2016-05-31	44	TRUE
AC/AH/244	Barbara	Female	Non-Smoker	160.09	65.93	1973-01-31	New York	NA	TRUE	0.5	2016-05-31	43	TRUE
AC/AH/248	Brandon	Male	Non-Smoker	178.64	97.05	1973-01-18	Indiana	1	TRUE	-1.21	2016-05-31	43	TRUE
AC/AH/249	Holly	Female	Smoker	159.78	68.31	1972-04-29	New Jersey	2	TRUE	0.52	2016-05-31	44	TRUE
AC/SG/002	Stacy	Female	Smoker	161.57	67.92	1973-07-09	Indiana	3	FALSE	0.33	2016-05-31	42	TRUE
AC/SG/003	Kelly	Female	Non-Smoker	161.83	66.03	1972-07-17	Indiana	2	TRUE	-0.9	2016-05-31	43	TRUE
AC/SG/008	Shawn	Male	Smoker	169.66	77.3	1973-06-01	Indiana	1	TRUE	-2.36	2016-05-31	42	TRUE
AC/SG/009	Anthony	Male	Non-Smoker	166.84	88.25	1972-03-10	Colorado	1	FALSE	1.51	2016-07-01	44	TRUE
AC/SG/010	Sherry	Female	Non-Smoker	159.32	64.92	1973-02-04	Georgia	2	TRUE	0.71	2016-07-01	43	TRUE
AC/SG/015	Jeffery	Male	Smoker	170.51	84.35	1972-11-15	New Jersey	3	TRUE	0.12	2016-07-01	43	TRUE
AC/SG/016	Valerie	Female	Non-Smoker	161.84	69.97	1972-04-09	California	3	TRUE	-0.57	2016-07-01	44	TRUE
AC/SG/046	Jimmy	Male	Non-Smoker	171.41	81.7	1973-08-11	Georgia	2	TRUE	0.43	2016-07-01	42	TRUE
AC/SG/055	Jeffrey	Male	Non-Smoker	166.75	79.06	1972-03-01	Colorado	3	TRUE	-0.55	2016-07-31	44	TRUE
AC/SG/056	Tiffany	Female	Smoker	166.19	67.46	1972-12-03	California	3	TRUE	-1.06	2016-07-31	43	FALSE
AC/SG/064	Steven	Male	Non-Smoker	169.16	90.08	1972-10-10	Indiana	2	TRUE	-0.1	2016-07-31	43	TRUE
AC/SG/065	Brandy	Female	Non-Smoker	157.01	66.56	1972-04-11	Colorado	3	TRUE	0.64	2016-07-31	44	TRUE
AC/SG/067	Jon	Male	Non-Smoker	167.51	84.15	1972-07-25	New York	2	TRUE	-1.46	2016-07-31	43	TRUE
AC/SG/068	Sarah	Female	Non-Smoker	160.47	68.2	1972-04-21	Georgia	3	TRUE	0.83	2016-07-31	44	TRUE
AC/SG/072	Barbara	Female	Smoker	162.33	66.47	1972-02-21	New Jersey	3	FALSE	1.02	2016-07-31	44	TRUE
AC/SG/074	James	Male	Non-Smoker	175.67	88.82	1973-10-10	New Jersey	NA	FALSE	-3.14	2016-07-31	42	TRUE
AC/SG/084	Marc	Male	Non-Smoker	174.25	80.93	1972-03-12	Colorado	2	TRUE	1.79	2016-07-31	44	TRUE
AC/SG/095	Mary	Female	Non-Smoker	158.94	65.14	1973-06-01	Colorado	1	FALSE	0.47	2016-07-31	42	TRUE
AC/SG/099	Richard	Male	Non-Smoker	172.72	67.62	1972-02-10	Georgia	1	FALSE	0.05	2016-07-31	44	FALSE
AC/SG/101	Erica	Female	Non-Smoker	159.23	69.96	1973-10-04	California	2	TRUE	-0.81	2016-07-31	42	TRUE
AC/SG/107	Benjamin	Male	Non-Smoker	176.54	90.76	1973-02-03	Indiana	3	FALSE	-1.48	2016-08-31	43	TRUE
AC/SG/116	Joel	Male	Non-Smoker	184.34	90.41	1972-06-11	California	3	TRUE	-1.41	2016-08-31	43	TRUE
AC/SG/121	Carrie	Female	Non-Smoker	163.94	71.47	1973-03-18	New York	3	FALSE	-0.25	2016-08-31	43	TRUE
AC/SG/122	Alicia	Female	Non-Smoker	160.09	68.94	1971-12-22	Indiana	1	FALSE	-0.99	2016-08-31	44	TRUE
AC/SG/123	Paula	Female	Smoker	162.32	72.72	1972-09-09	Indiana	1	TRUE	-0.92	2016-08-31	43	TRUE
AC/SG/134	Stacy	Female	Smoker	162.59	69.76	1972-06-03	Colorado	2	TRUE	-0.28	2016-08-31	43	TRUE
AC/SG/139	Todd	Male	Non-Smoker	171.94	82.11	1973-10-12	New York	1	FALSE	-1.18	2016-08-31	42	TRUE
AC/SG/142	Brenda	Female	Non-Smoker	158.07	69.8	1972-05-21	California	3	FALSE	0.54	2016-08-31	43	TRUE
AC/SG/155	Laura	Female	Non-Smoker	158.35	69.72	1972-06-08	New Jersey	3	TRUE	1.42	2016-08-31	43	TRUE
AC/SG/165	Laura	Female	Non-Smoker	162.18	67.81	1972-03-31	Indiana	1	TRUE	1.68	2016-08-31	44	TRUE
AC/SG/167	Suzanne	Female	Non-Smoker	159.38	70.37	1973-10-06	Georgia	2	TRUE	0.02	2016-10-01	42	TRUE
AC/SG/172	Troy	Male	Non-Smoker	171.45	84.29	1972-03-02	Colorado	2	TRUE	-0.19	2016-10-01	44	TRUE
AC/SG/173	Barbara	Female	Smoker	163.17	64.47	1973-06-25	Indiana	2	FALSE	0.69	2016-10-01	42	FALSE
AC/SG/179	Russell	Male	Non-Smoker	183.1	82.47	1972-10-30	New Jersey	3	TRUE	0.77	2016-10-01	43	FALSE
AC/SG/181	Philip	Male	Non-Smoker	177.14	88.7	1971-11-30	Georgia	3	TRUE	1.76	2016-10-01	44	TRUE
AC/SG/182	Stephen	Male	Smoker	171.08	72.51	1973-03-31	New Jersey	3	TRUE	-0.22	2016-10-01	43	FALSE
AC/SG/191	Holly	Female	Non-Smoker	159.33	70.68	1973-06-27	New Jersey	3	TRUE	-1.07	2016-10-01	42	TRUE
AC/SG/193	Douglas	Male	Smoker	185.43	73.63	1973-06-11	New York	3	FALSE	-0.29	2016-10-01	42	FALSE
AC/SG/194	Christy	Female	Non-Smoker	162.65	73.99	1972-08-10	Colorado	3	FALSE	0.87	2016-10-31	43	TRUE
AC/SG/197	Jill	Female	Non-Smoker	159.44	66.21	1972-11-14	New York	1	TRUE	1.21	2016-10-31	43	TRUE
AC/SG/204	Rhonda	Female	Non-Smoker	164.11	70.66	1972-06-23	New Jersey	3	FALSE	-0.17	2016-10-31	43	TRUE
AC/SG/216	Wendy	Female	Non-Smoker	159.13	66.96	1972-06-25	Georgia	1	TRUE	0.95	2016-10-31	43	TRUE
AC/SG/217	Sharon	Female	Non-Smoker	160.58	71.49	1972-11-17	New Jersey	1	TRUE	-0.78	2016-10-31	43	TRUE
AC/SG/234	Cheryl	Female	Non-Smoker	164.88	68.07	1971-11-16	Colorado	3	TRUE	0.35	2016-10-31	44	TRUE
